OhOhOhItsJoHnNy,465
MauriceMichael,284
AlphonsoEspinal,213
Ian_Kanterman,197
ReelTalker,194
labroides,193
MyLuvisKING,188
stfuindy,181
LegendaryLuna,156
frankieciv608,149
Andrewthemark,145
gissyMartinez,140
Relax_TakeNotez,139
nuclearfamily,136
Zav718,136
NewYorkPuck,129
skipslut,120
dePlantagenet,111
everythingsjake,106
MariaSantanaCNN,106
innycru,104
EdwinMontanez,98
TimaaaThooo,97
Tinglay,97
GodsFetus,96
mr0drig,95
OfAllThingsAli,94
eltocho77,93
urihoresh,93
xnancyi,92
frankcalifano,87
JoeyBoots,87
lisa_riera,87
MarcoHafke,87
boxingbookie,86
cdamato23,85
thejjmg,85
K_dot_Cueva,82
Vjlo24,80
paytonismissing,79
callme_Greishka,73
DerekBFelix,72
ShahadTB,71
STACKKEDUPWALT,71
FelCassan,70
Kimmypooh_,70
JalizeLianne,69
jidts07,67
ayeohkayyyy,66
gonzalu,65
BigLouBruno,64
olaforsstrom,64
RogNyc77,63
hermaflease,62
jennifferkkwilt,62
MANNYfRE5H417,62
PearLuvs1D,61
charlenexcfye,60
brianaaanicolee,59
LoveM_11,59
AhjDeegan,58
Amandarose_M,57
_WiLDLiFEoSTYLE,56
GinsburgJobs,56
honeyberk,56
USUCKYO,56
morningmoneyben,55
SeanPhelan5,55
evil_sorceresss,54
johannacamba,54
liveindetail,54
JessicaZima,53
JNewmanNYC,53
pbumpnet,52
stillchilled04,52
amerikag,51
jonvox,51
Lariscious,50
mauricioshinepr,49
patkiernan,49
SG_DEREK,49
digenger,48
EffinwitESH,48
Omg_itsClyde,48
Max_Not_Mark,48
YaManCntHandle,48
40ozBREAKFAST,47
Dava988,47
dwaynebenji,47
springboksfan,47
JaayQdanan,46
PatPizzy,46
SIYankeefan,46
SleazyXX,46
_tinaDeex3,45
SBCNewYorkCity,45
theJKinz,45
alexiiezz,44
jks1014,44
LoriSadel,44
monROllUpRiches,44
patricianelsen,44
pumpkinlatte94,44
iamjoeym,43
ManhattanzElite,43
MarieDugo,43
salvadorsorian5,43
Sinnerzpassion,43
AdamGabbatt,42
ewanbaird,42
shannonnielsenn,42
ericgrant,41
leannevaccaro,41
SassySam1201,41
filmfresser,40
kel_lovely,40
krystina_erin,40
weezy_F_moxie,40
Adrians_Story,39
caitlyncourtney,39
dramakim,39
iamchrisbarlow,39
LaurenYoung,39
MikeTRose,39
shineinovertime,39
Tast3yMilkshake,39
AleafApdunloh,38
AmericanExpress,38
donaldglenn12,38
EpicWinning_,38
its_jennayyyy,38
Laurramarriex3,38
porcinea,38
THATS_ME_RYANN,38
alissamarie,37
JAMALIGLE,37
joshua_heller,37
alwaysnatural_,37
AmirKassaei,36
arainert,36
biranethiam,36
BobbyTBD,36
carminenyc,36
kmatzzz,36
LivvGrace,36
lucida_console,36
lugepravda,36
AmandaWills,35
kat_pugacheva,35
MuneeraAlAli,35
neon_lights36,35
PNut_Buttah_Md,35
TuncAyQuliyev,35
SwagginStef,35
caity1697,34
CJ_GIST,34
future_mediator,34
jmmantel,34
JoaoCRRamos,34
LHanono,34
malcoholic_,34
nolar,34
shoroukiebookie,34
stevehova,34
stirthepots,34
CoritoPanamito,33
Dani_Marie92,33
blackoutpete,32
inthewordsofkim,32
JacksGuiltyPlea,32
jennafratello,32
joshuacstephens,32
keith_pence,32
kimferrugioxo,32
knight_kat,32
Nenii93,32
Andrew_Brooklyn,31
baratunde,31
cchantel_,31
eleditor,31
MarioCornejoNYC,31
gsantino,30
JayDensonNYC,30
leo4gzs,30
MatthewStern,30
Mono0610,30
TheJetReport,30
TheReal_YK,30
Timber_Wood,30
VictoriaProscia,30
_an_oak_tree_,29
CaitlynRYoung,29
EliaMosko,29
oohsooyum,29
RaquelSx3,29
ToddKrim,29
dadarocks,28
ingaroma,28
jbandff5lover,28
meganbe,28
memoirs_ofmilla,28
mutalib_ahmed,28
wyskida,28
anastasia_aless,27
ebroms,27
eyesack_,27
JoeSchiappa,27
LUIS_CASTRO_NYC,27
pdeioann,27
NickJones5050,27
tonybgoode,27
yemSTAR14,27
Article_24,26
DaintyAkeema,26
jengrunwald,26
JSuricz,26
kemofxckz,26
MelanieStreich,26
realrell87,26
SwagError,26
angeljimenez,25
CountSmacula,25
DanielleCib,25
IvanPer4,25
Levidopeness,25
Lugadu75,25
simplydemii,25
alecperkins,24
BaianaFalsa,24
Bellac345,24
BenMcCool,24
EimearKelleher,24
greenskulls21,24
JenniferCochra1,24
jlwgreg,24
kbeaubrun,24
Lou_Parisi,24
thatbigmonkey,24
Todd_SimmonsNYC,24
tonymayes,24
yatown_popular,24
AlexanderSugar,23
alyssaarminio,23
ArnellMilton,23
decharlus,23
denisdoeland,23
johndeguzman,23
Littlebethell,23
MarioMunguia,23
Nassermalsabah,23
nkneessy,23
schenwow,23
screamradius,23
TheWeissisRight,23
w_pat_tc,23
3ltutuykt,22
BigBadB_RaD,22
daniellepujia,22
exigeante,22
isaac_b,22
Jenaeex33,22
JesalBhatt,22
laynaBrady,22
nycsloane,22
poppyphi,22
rudyinnyc,22
ScottBeale,22
AngelEduardoC,21
AnthoulaKats,21
bryanthatcher,21
dev_thompson495,21
fakejohnruane,21
GeorgieeeNinjaa,21
iamadjinny,21
inspireflect,21
Jhoon09,21
karenlevine,21
melissawilfley,21
PEART10,21
swagcostanso,21
YelleTieleman,21
AnthonyQuintano,20
AshAngello,20
Beastess1,20
Cflo412,20
CrosbyVenture,20
DAsulin,20
Francesca_xox,20
FrankFay,20
gob,20
HeavyMetalTeddy,20
laslugocki,20
MarieManiscalc1,20
MG_Smooth417,20
noreanc,20
royfire7,20
StarGyal_,20
tlal2,20
Tofiquee,20
AbieT90,19
agreatbigcity,19
auntiee_m,19
chichachikaa,19
d3ad_michelle,19
davidkonig,19
DiazCharles,19
EatFellowHumans,19
epjohanson,19
gabbbygran,19
harrislynn,19
HTY_JRock,19
KarlLunz,19
Katrachabk,19
kittycolorist,19
larrydabal,19
leroyjabari,19
manuelcatena,19
marcio689,19
mattantinucci,19
MegPatten,19
mista_j,19
PenarandaWorld,19
RealPedroRivera,19
sabredutch,19
spizzyspike,19
xxBang_Bang,19
adrianasaysHI,18
BlameTheBooze_,18
bpapa,18
DaReal_JrJones,18
derrickc82,18
edd_perez,18
gregpalmer,18
julieelena27,18
JUSTmeALISEO,18
KatCatoure,18
laurakazam,18
linel_sky,18
mariasherm,18
MsLiryc,18
niiicolecapurso,18
RobGPerez,18
SHORAmazing,18
soulellis,18
the_REAL_cjp,18
THETonyMorrison,18
tresfraisnajee,18
VictoriaCraig,18
aerikvon,17
AmericaHires,17
anneeoanneo,17
Bizzzykissnskyz,17
CatherineNBarde,17
DeeRose105,17
DJHaRpG93,17
frankgiraldi,17
JobsDirectUSA,17
johnsto,17
JorgeClara,17
julian_dunn,17
kellymackiee,17
livebeyond_26,17
LolloPork,17
M_squareddd,17
MexiRHO,17
Mitsue719,17
Monnomesttayler,17
NaStYNat322,17
nick_bailey,17
nicklaw01,17
nynolaricanchic,17
russomandofabio,17
savorymango,17
steviespin,17
sydney_chan,17
TeamSixcycle,17
xx_justsebas16,17
zomg_its_leah,17
alpalazzolo,16
BEHlNDhisSHADES,16
briennewalsh,16
cberniez,16
cfohlin,16
ChristopheAgent,16
com_crespo,16
DanielleModnaya,16
djclsmooth,16
enoogs,16
frank_spin,16
GladimarSimeon,16
gmanzueta24,16
heartOFqueens,16
JoeCharlesKaye,16
jovancebre,16
kcholligan,16
kristalberg,16
niccccyo,16
NikkiLite,16
nygeneral,16
randyescabi24,16
RyanNewYork,16
sammyyfranny,16
sarah_viollis,16
SionFullana,16
sryan2845,16
synthee,16
the59thStBridge,16
Tresvainas,16
XDom_A_nik,16
33amelie,15
alexguy423,15
ayybepalachii,15
Baddest_DimpL3s,15
bdotdub,15
reyemesew,15
BenjiKRogers,15
BetsyRate,15
CarolynBrafman,15
CezaGrammz,15
ChaosKnight69,15
christiansmythe,15
clickclash,15
CraigElimeliah,15
de_stijlist,15
EyeOfTheMaluk,15
fefaromano,15
iamamayzing,15
jasonaron,15
Jbracamo925,15
jcm_mejia91,15
JLefty5,15
joygarnett,15
JunkCrunk,15
kacie_lea,15
KatelynMazerall,15
kickalert,15
Kimble09,15
mama_ubu,15
mavraganis,15
mgiraldo,15
mikef_insantore,15
mikeynyc,15
nabbott,15
puneetmehtanyc,15
Sarahphara,15
shwizzlestix,15
Sumcshkn,15
thinkshiv,15
xomegsss,15
1andtheonlyBFox,14
AliciaAmatti,14
ariramku,14
BobSpivak1,14
CarlaLicavoli,14
chinatheperson,14
ChristiAnn28,14
dangaba,14
Eden_Brower,14
EGGFOOYOUNGG,14
elipongo,14
fawahh26,14
finitor,14
goddamitlaura,14
haruhiamber,14
iamithal,14
izador_grnbacks,14
jasonwstein,14
jcbivins,14
JOtton,14
JoyousOcean,14
larrygwan,14
Lightfire4,14
Lu_Vince,14
MarcAntony,14
mariowintour,14
mhmtmsl,14
molly_mcgregor,14
MyrathePigeon,14
nick_grubbs,14
NJDG,14
philip711,14
PrinceRoger,14
rachelmcjackson,14
rahav,14
RaiquanJenkins,14
rav617,14
rishegee,14
RitoAlvarado,14
ScreamShaneix3,14
smoothGROOV3,14
smoshysydney,14
sonyachodry,14
zhaus,14
AnnaBrianLee,13
avantghettonyc,13
BinhThai,13
BklynBestFlyGuy,13
ButterfieldNYC,13
cesssx3,13
charcarey,13
ChefEvaBBQs,13
conrad,13
contentmode,13
D_J721,13
diamondz_shine,13
DyiingBride,13
EmilyRThomasNYC,13
felipeedoardo,13
fireredgyarados,13
Fittedheadsnc96,13
francehopper,13
Harmonimages,13
i_am_uninc,13
JackMarshall,13
JamesLKimmel,13
JamesMarotta_,13
jcrayze,13
Johnny_Ryall_,13
JU_mp,13
MAmeres,13
maura,13
mbutterf,13
mcflipper,13
MicheleLaudig,13
natalie_minyu,13
neiled,13
NorRocwell,13
RyanPaccione,13
sassy_sulli,13
SeeDivineTruth,13
skiftnews,13
skylor,13
TheNewStyleUES,13
torr_x0,13
voudonchilde,13
whistlesandbeer,13
WilyFoxx,13
ximena_d,13
alanalindsayz,12
alangrabinsky,12
allij90,12
arkenavan,12
camsterrr,12
CarloScissura,12
CindyOlson,12
dablan,12
dannypier,12
DAREDBOTTOMBOSS,12
daveevansabc7,12
DavidAbbey,12
Do_mything,12
drockdorian,12
Evry1LuvAnt,12
griffydor,12
heyfeifer,12
heyguey,12
hollygirl358,12
iwill_i,12
izabizabelle,12
jamieyuccas,12
JasonLBaptiste,12
JFranxMon,12
KatherineLudwig,12
KelpiePMS,12
KevDNY,12
Kheffernan212,12
kioken,12
Ladivon31Von,12
OpeninYaEyes_,12
linleychan,12
lovaticlyrushin,12
marky_mark34,12
megetz,12
mrk_jules,12
nickcarbone,12
nickj47,12
nsj806,12
NYBAILBOSS,12
NYRambler,12
PrincessLove__,12
Q_Raider,12
Rasta_F,12
realtybaron,12
scottie_flowers,12
shes_ayee_shmut,12
sintactic,12
SorayaShushtar,12
souperska,12
thebrillo,12
Trimarchi023,12
VivianAshley,12
Washkuch,12
woodsarawood,12
workfreelyblog,12
Absolutsam18,11
AdamEbnit,11
ageau01,11
AlexLeaden,11
betoleal,11
bkbrains,11
bon_greenwald,11
BradleyF81,11
buffbuffpass,11
camoroso70,11
cheedie2,11
ChiaraAtik,11
CXCart,11
DanielleFiocco,11
davidsigal,11
doodlehedz,11
DustinJKoch,11
elisesp,11
erny83pd,11
fashion_press,11
findingbrolove,11
FLLWME2RICHEZ,11
gmatrix29,11
GoliathNYC,11
htico33,11
Ireenah,11
ironas12i,11
itsAdam,11
itsmisscs,11
jcbrillant,11
JennaYouell1,11
jtabobo,11
JULLery0,11
kianaax33,11
LaurenPresser,11
lexigoodman,11
LockwoodLiz,11
Lucyy__C,11
m0niiiica,11
marcelfahle,11
markatack,11
MaryamAlAli,11
MbDenton,11
michael_chis,11
MickRoyale666,11
MikeDosPhoto,11
MrsPuertoRico,11
NKBailly,11
nlgrenfell,11
Os_kidd,11
patromano1597,11
petroleumj,11
plugintodan,11
princesshu,11
realsarp,11
srslywtf_,11
rockawaytrading,11
SaeedAMahmood,11
sarsurakg,11
sfloridia98,11
SirAltonStyles,11
SlaintePaddys,11
Slimeball5,11
So_EXQUISYD,11
stenro,11
swannamac,11
TD_Francis1real,11
teaforpaige,11
TheAngryPrepper,11
theejana,11
TheSandmanEsq,11
tokuyuki,11
tquiose,11
xmatt,11
xMayDogx,11
xoxrozelle,11
Yorgos_Anagno,11
z4three,11
4ever_Divine,10
_AnthonyLeo,10
AberKawas,10
adonatelle,10
akm_nyc,10
AndreaEPalesh,10
angusnb,10
BAHjournalist,10
bestiecilla,10
binghott,10
BityLouHoo,10
bonitapplebuum,10
BrandonJO88,10
BrianHackathorn,10
CarlethKeys,10
chaunce_de_leon,10
ChenaKovax,10
DayanaNarie,10
DeltaWillis,10
DJChaunceyD,10
Dommydom24,10
eelain212,10
emilymure,10
epc,10
eramirem,10
formichetti,10
geezieff,10
gerryvisco,10
gkor29,10
gosk8dayrules,10
GregGoldberg,10
griffithworks,10
ianwestcott,10
iHartKB,10
jdlevite,10
jeffwjenkins,10
joezen777,10
JohnExley,10
JonShaft_YSENT,10
jsjohnst,10
JudyDamti,10
juice2111,10
kimdelcarmen,10
kjNYC,10
KPaoletta,10
madshelen,10
maggz630,10
marisafox,10
miamanhattan,10
MichaelDonovan,10
MissPowderPink,10
mmmpork,10
MrPhilllayyy,10
NeilSchloth,10
neilvogel,10
nickzilla,10
NZNNiReport,10
PeterVAmador,10
PursuitofNY,10
raflores86,10
ReadyRock7,10
rocknrollwife,10
RodNewYork,10
RyGil01,10
sd,10
ShannonSheree,10
socialdiva,10
sol666soul,10
SomeSense,10
Steph_M_Rod,10
thisisheatherc,10
ThomasRaynor,10
VinnyCrispino,10
vivalaglam7,10
vohit4rohit,10
2Fast2Finkel,9
alexaanders0n,9
alipurrpinckney,9
AllieCooksNYC,9
amelapay,9
Andrew_Gottlieb,9
angel_4eva,9
Baris,9
Bedstuybeauty,9
BigJoe1022,9
Bklynchick11,9
Bklynst8ofmind,9
bloch_party,9
BoweryBoys,9
BUTTLES,9
CiennaJade,9
cookcolleen,9
CoreyKelly,9
cpthady,9
d0nnatr0y,9
DNDailyPolitics,9
domhall,9
DrewJoseph,9
eetheridge,9
efp161122,9
el_gaucho,9
eshanken,9
EspritNomade,9
Ez2bnicee,9
falixalex,9
gabesantacruz10,9
Giank_M,9
GoldstarNewYork,9
goto10,9
greenskeptic,9
HeyEmir,9
heysarajean,9
hyperjetlag,9
ill_NY,9
J_Wids,9
janellegross,9
JayBarryx,9
JayFro77,9
jefflac,9
jmiddleman,9
johndigregorio,9
jorgiecakes,9
jshapiro00,9
KrystalKlear10,9
leighthaus,9
LeMichaelAngelo,9
LindseySnell,9
linslorr,9
LonerganM,9
LouiseSitt,9
LoveMakaya,9
m1ch3llan93l0,9
M3lissaSays,9
MariannKNagy,9
MarkoMetzinger,9
martintheloz,9
matt_banbury,9
matt_mcgowan,9
MikeAdelson13,9
Ms_BueCannon,9
msboop68,9
NikiFashionNYC,9
nmassa1208,9
noahsussman,9
NotRubHarass,9
NuevaVaina,9
ojserkisd,9
PoloniaGuzman,9
rabbilaufer,9
rafat,9
Ronmeister03,9
rvillacarillo,9
samanthaperez,9
SamRoberts456,9
ShadiaEvelyn,9
SparxFamouz,9
stevewax,9
stolper,9
TerriYee,9
TK33NAN,9
urifintzy,9
vargasteph,9
victorndevries,9
Windows,9
_PhotoMelissa,8
afranks3,8
alcdp,8
AlexandreLaudet,8
alexbmusic,8
ALI_GatorrR,8
Anjelika_Kour,8
AYYUCELLA,8
BenBima,8
bgallis,8
biancaaadiaz,8
BlackYogis,8
blueyez0904,8
Boomz_HANNN,8
BossYjustCuz,8
brandonlacycamp,8
BurgerFreshh,8
cabrera,8
caitysays,8
chelsey_kocian,8
ChloeTroia,8
choaliling,8
choly1990,8
ChrisPollone,8
ChrisThomsBauer,8
danmillman,8
DASgoeskerplunk,8
dem_CALLmi_tutu,8
deny1311,8
dgeorge,8
emilyspada,8
falcongirl35,8
FaridKader,8
FLUDZA,8
FollowTrevon,8
gd_ramirez,8
GlamAiye,8
glorifiedtomato,8
gutoedalcoquio,8
harlanvaughn,8
harryraymond,8
HisMoon224,8
InfinityNewsNet,8
j_livoti,8
JamieAlexandraa,8
jannieville,8
JantoinetteR,8
Jayzu,8
jeffry13,8
jennydeluxe,8
jfedor21,8
Jishywa,8
joey_67,8
JoJo_Son,8
JoveMeyer,8
js_casalou,8
julioknales,8
Justin__Snyder,8
kalabin_a,8
KBwrote,8
keithakabeefy,8
KenKoc1,8
leairbag,8
liahalonso,8
LoubiCoolin,8
LucaTrippitelli,8
lwoodbloo,8
MarkESackett,8
MattPetrillo,8
Megra687,8
MFJBellz,8
michaeljoel,8
MicheleWitchipo,8
mizwunmie,8
monycaw,8
mr_keepitfresh,8
mrees1428,8
mxantho,8
Nick_Bowers_Esq,8
Peace_N_Love82,8
petemall,8
PJVogt,8
ProfPizza,8
Greazyy_Sosa,8
RobertoLacayo,8
RobynMatza,8
rustyjtrump,8
SandraRipert,8
sarapereda,8
sfontenoy,8
Sparks_Photo,8
stargratrix,8
StephV9,8
TaylorMarun,8
The_MichaelH,8
TheAwesomeMom,8
TheBoken,8
thirteenright,8
TomMcKennaNY,8
umakhouny,8
victorvjones,8
ToastSolo,8
wakeupmrkim,8
winnerclothing,8
wovenbender,8
xprinxezito18,8
yatown_news_am,8
_bossly,7
_DanielleSiegel,7
_El_Elias,7
_JustinWolf,7
_Netta85,7
abeppu,7
AdamBroitman,7
ajlawrence,7
alxandrialee,7
AmauryGonzi24,7
amdiana,7
amitab123,7
amrosario,7
AndriaLloyd,7
antnyc,7
AntPulido,7
ardmuhammad,7
arrockey,7
atornato,7
awkale,7
ayesha_ghaffar,7
BillyCordova7,7
Brittany_Travis,7
BROYUMAD,7
brunog,7
c_wong79,7
candiiekiisses,7
Caoimhin_L,7
CharityMiles,7
CharlieD123,7
DaCoLoMbiaNKid1,7
dani_taunton,7
DaniDur,7
Danny_Reno27,7
dckogan,7
deejayjustin,7
Diegoarmadome,7
DoctaNYC,7
drown_yourfears,7
drugolo,7
dvollbach,7
dylanschenker,7
ebrubodur24,7
edfabila,7
EdwardCruz365,7
em_dasher,7
es_pearson,7
estarp,7
eunicek,7
EutopiaBK,7
fabrygio,7
felixsalmon,7
freemagic,7
funnychristine,7
gabor,7
gallinagallina,7
gio_vanni,7
hamburger,7
harrybeeenyc,7
hbshakes,7
hoemi_chin,7
idancohen,7
ItsSandraK,7
JaeSelle,7
jelpernw,7
JGsofresh,7
jnickss,7
joeljet,7
johnjohnta,7
JonMcL,7
jrlevine,7
JSovs,7
jtubert,7
juanguzman5422,7
justinjmoses,7
kalmanovitch,7
KateKgolfgirl,7
kcastanos,7
KerryWeiland,7
KyleKissKiss,7
kt5000,7
Ladip0st,7
lahufj,7
LaLaHearts,7
lalbertson3,7
laperica143,7
laurallpena,7
lauraroth,7
lindastasi,7
LoriDoll35,7
lucasfferraz,7
LucasNelson,7
luissnyc,7
Luzaic,7
MarkMolle,7
MarkSmid,7
MarlaWeinhoff,7
mattwheeler,7
mbforr,7
mech78,7
meghollandnyc,7
MikeIsaac,7
MissSmartFlyer,7
MJ79,7
mkittyK,7
moughthere,7
MRohaizad,7
mstupenengo,7
muroicci,7
MyraaaLynn,7
newyork24seven,7
NicholasPClarke,7
NickEsserNOW,7
Nintendo69_,7
nishishi26,7
noahhhb,7
objorionto,7
othatjo,7
peacechildAG,7
PinkLadySteph,7
pixelatedfuture,7
pmcjury,7
PoPoMoSo,7
ricardovice,7
robertnmurray,7
rosaalia_maria,7
rrple,7
rsaatian,7
Sabrinananaaa,7
sagicaprio,7
sameerq,7
sconnellan,7
selasekove,7
shaneertter,7
ShawnRevFit,7
ShumayaBANG,7
snco,7
sspencer_smb,7
TeamsterNYC,7
ThatKid_1120,7
TheRyanPotter,7
Tiffers002,7
TimBouffard1,7
Tommy91,7
trinityboxing,7
twebeck,7
tylr,7
TyonJReid,7
worshiprover,7
xahndra,7
yellowbird73,7
youngbradford,7
zamiang,7
4thFloorWalkUp,6
_tammie,6
AboveTheStatic,6
acdm,6
ad_mayra,6
adancygier,6
adelaloconte,6
AdrianaMisoul,6
AirKarinaBx23,6
AlanOzores,6
alexaizenberg,6
alexxxengland,6
alyssenicole,6
Amanda___x0,6
AmanndaMusic_,6
amcny,6
AMDistinguished,6
Andry_Priatna,6
aparnamuk,6
arintiya,6
AshleyySharpe,6
aslyle,6
AudsBall,6
Ave__Maria,6
AveryLovesTV,6
babuzza30,6
benjaminthigpen,6
Big_D718,6
BistroTruck,6
BklynHomebrew,6
BodyByADONIS,6
brendad1121,6
Brionisaacs,6
brnyourstencils,6
Brujoblkchicken,6
brvmrtn,6
BurkeCherrie,6
BuYousef,6
c4milo,6
c_distasio,6
caitibeth,6
californiacat22,6
CaseyNeistat,6
CeaseTheDay,6
cee_maree,6
ChadKaydo,6
ChaseRabenn,6
ChicavaHoney,6
cirno9ball,6
cmaccc,6
cohen91493,6
cooper_smith,6
Courtlys,6
csalriv,6
dahkillah,6
DamianoDeMonte,6
darrellwhitelaw,6
dbp_,6
dee_whitt,6
DilJohnson3,6
domifanotherkid,6
DrTonette,6
dturner619,6
DustinBrayley,6
ebenezervalvi,6
EDRISSAYS,6
ElYuma,6
emilyjanebanks,6
emmettshine,6
ericabrooke12,6
EricaLynnYoung,6
ericbogs,6
EricJacobLarson,6
etherealprey,6
eveinthecity,6
fabricegrover,6
flamingBurrito,6
freeman_moscow,6
g0ttalov3him,6
GaryAlonyNYC,6
GarysBasement,6
GoldJay,6
Gorgeouss_Gem,6
gregchopp,6
guan,6
honeyrocks,6
i_amsofresh,6
IrishDaveNYSpur,6
IronmanEp,6
ismar_pm30,6
iWeeVy,6
JakeEverdean,6
jakepip,6
JamesBruni,6
jamesgillispie,6
jamesnord,6
JasonBrinberg,6
jasonjasonfried,6
jesaleegogogo,6
jju73,6
JLombard207,6
Jmodio,6
johnbiggs,6
johnForester,6
JordanMCarson,6
joyellenicole,6
JSanchez0720,6
JScharff1,6
JuanMaBenitez,6
julienneschaer,6
kaylaswall,6
kellyissanti,6
Kemopedo,6
Kendra_Juliet,6
kennysullivan,6
kimarie_lok,6
klercollective,6
kmbatty,6
kmreed,6
Kpalminteri,6
la_nastenka,6
LadyJae01,6
lakeshoresinger,6
LauMc822,6
LaurenAtKiehls,6
Lifewickedfast,6
lindsaylanceE,6
LiteraLee,6
MacKidEastBronx,6
madamelolo,6
malemode,6
marinastanley,6
mattdeangelis22,6
mayaspagnoli,6
mbytz,6
mccoyspace,6
Mike_Charles,6
MikeFriedman6,6
mikelmelcon,6
miksterr226,6
Mikunbelievable,6
mixcom,6
monchan89,6
mpitzke,6
MsJennaCrystal,6
musicnaenae,6
natashajahangir,6
NieceKaOir,6
Nikelii,6
NoahConopask,6
noneck,6
patsygorlando,6
peachessiny,6
PhotosByRequest,6
Piniakot,6
PizzigatiDzigns,6
plaidsandwich,6
plocke,6
PplSayDannyBoy,6
Psychlone,6
PussyBlanca,6
rahulsen79,6
Reagan_Santos,6
rezzz,6
RiahTheWanted,6
Rivkind,6
RussianBrooklyn,6
RUSSIANMUELLER,6
ryanarenson,6
RyanLammer,6
sarahbachmann,6
sayonical,6
Sean_P_Doyle,6
seantacts,6
Sephology,6
shawnINdawn,6
shellypalmer,6
shivanik23,6
SifuentesOscar,6
SimsJames,6
skilko,6
Skipfil,6
sophiagurule,6
stephane_mk,6
sterlingaclay,6
subinev,6
taylashae,6
thekidMike_B,6
TheReal_C_Murda,6
TommyBennett,6
TTrainers,6
unoulov3m3,6
uxdiogenes,6
UZMPhantom,6
vladgarza,6
Walshthethrone,6
WayofTheDodo,6
whittersrae,6
whosthatchick77,6
withoutanid,6
WSHuggins,6
YourBoyMike329,6
zaffi,6
Abbyoncloud9,5
abu718,5
adiesaurus,5
AgooBiz,5
aj_miceli,5
alcazareo,5
Aleczandahhh,5
Alliegallo,5
Amparo__Sanchez,5
anas_a1,5
anildash,5
annalisacampos,5
aosvaldo17,5
artuhovski,5
atease,5
AthineosNikos,5
atTheTrack7,5
bdickason,5
bezybee,5
bibi26,5
BJSib,5
bluemarblebk,5
bohunkCA,5
boomforreal,5
booyahastoria,5
BrandonHall11,5
brandonpope815,5
brittanyans,5
BunnyAlanaLuv,5
CarolynNYC,5
cboycbelle,5
cem3,5
chadsnuts,5
chenrisius,5
chrysy7,5
Chuck_Stay_Wavy,5
culturaapple,5
cy_eats,5
dana_azzaro,5
danielleekaplan,5
darck_angelivy,5
dark_iceberg,5
daycogs,5
dendunnmccarthy,5
DennisVera,5
dens,5
djneilarmstrong,5
dmandl,5
donsteele,5
dpg77,5
Dubspot,5
dudeguywhyyy,5
eadull,5
ehsansajid,5
ethoz1970,5
fulmetalartimis,5
functime,5
gdickinson,5
GingerLover7,5
Giuseppex718,5
GLRobinette,5
GoldJenna,5
GraceK08,5
GreenGreenpoint,5
gregwong,5
gwatt93,5
hands9me,5
hashimashi,5
henrywng,5
hot_on_a_dime,5
hrloom,5
i_vp,5
iamFink,5
ikebrooker,5
itsPauloPascual,5
janelleg49,5
jasepatrizio,5
JCelona_,5
JeffPinilla,5
jeffpulver,5
JenniferHavey,5
jennjenn,5
jennyjmuller,5
jeremarketer,5
JerryGarcia202,5
JonCowley,5
jschwartzdesign,5
jsorrenti,5
JustinJKruger,5
JustNicksLuck,5
Jxxsy,5
KamikazeKyle,5
kansandhaus,5
kasey_taylor,5
katalystbykat,5
kevinmercer88,5
KimMaxPhoto,5
knowacki,5
Kwass,5
lawrence_jason,5
layfad,5
lgrechen,5
LightoutsRock,5
lindazebian,5
lindsaysue,5
lizageduldig,5
lizaonair,5
lookralphsbak,5
lorilens,5
lreilly03,5
LucaMazzo24,5
Luz__Karine,5
Macchinaa,5
Maderised,5
maeveconnell,5
MalcolmREi,5
MalibuJackson,5
MalikisNYCE,5
marioachamorro,5
marko0318,5
marlonrodrigues,5
marotin507,5
Maryellen1107,5
mauzaid,5
mccabest1,5
MickeyAllen,5
mikecherepko,5
minetti05,5
MissMochaLatte2,5
missngg,5
mocamocek,5
moisesmaloof,5
mollydoodlehead,5
mordicai,5
mortigitempo,5
MrEspo,5
msemmaelizabeth,5
msfaneLLz,5
NadiaNeophytou,5
NataliePerla,5
newtown_creek,5
NickHarvin,5
nikkytastic,5
NOBI_LUV_Ideal,5
noway_itscinque,5
NY_Night_Train,5
OhKensie,5
Ojayy666,5
OstranderJason,5
p00nie,5
PaperDaydream,5
pattycakes87,5
PattyYunen,5
pedrofuhrer,5
petekachu,5
PSUIvyMoon13,5
Puertoricangio1,5
pvicuna,5
r0ckdamike,5
r_philip,5
rachelpoppel,5
RayDelRae,5
reubenhernandez,5
robertkohr,5
roobs83,5
s3xyvanilla,5
saykoolmaye,5
SephAllan,5
ShuChowdhury,5
sotnakny,5
spannerjaxs,5
staceyperdek,5
steakNsteez,5
steketee,5
stepliana,5
SteveSenobyte,5
stuartsmith,5
SuperBlade,5
superpedro,5
susanbnj,5
tamaratam,5
tarekp,5
tayjohnson_12,5
tdlykins,5
tdobshinsky,5
tessa,5
therealgowanus,5
thesafariman,5
TheSerggg,5
ThisIsDansTweet,5
tholex,5
threadsalt,5
tomeslinger,5
TomHawk101,5
tomoconnorNYC,5
tonyjohansson_,5
trampish,5
TREVnyc,5
Triumvirate86,5
UncLonghorn,5
vildestrand,5
VillageBroker,5
wqueens7,5
xandermonologue,5
zach_inc,5
zacrivera,5
zariely,5
zigisitch,5
_Asiaaa_,4
_brownSKINx3,4
_SeanFleming,4
a_silverstein,4
aaretz,4
abycats,4
Adam_in_NYC,4
adamjsimon,4
adamkramer1977,4
adchristiano,4
adjectivemaker,4
AdventureofDomo,4
aeclearwater,4
AfrimKacaj,4
aguttler,4
AJMcKeon,4
alanmoo,4
ALATallthetime,4
AlexCkingdom,4
alexnp,4
alexxxegan,4
AlisonFargis,4
AlyssaNeilson,4
amalogan,4
amanda_xtelle,4
amberjsmith,4
AMJ615,4
andrewdkeller,4
andrewdumas,4
andrewfruchter,4
AndrewKavesh,4
andrewsrowe,4
andybons,4
anitasvv,4
ankatank,4
AnuWavyBOi,4
AriefWeinhofen,4
arnmukh11,4
ashhast,4
AstroJoey,4
AT_MONEY,4
avavaaaa,4
Averbosky,4
Avesb,4
azzi_84,4
b_m0ney,4
BasedHighKing,4
Believe_Create,4
BiciBlomquist,4
bohan,4
borovsky,4
BossSwagBK,4
bradyjcrews,4
brandnewjen,4
brianbrewer,4
bromanji,4
Buddhagem,4
BurgerWeekly,4
ByronBradshaw,4
cahearnnn,4
Cal_Green,4
cameyrick,4
CanaanSZ,4
cara_bloch,4
CarbZombie,4
carljamilkowski,4
CavemanRobles,4
cDima,4
cecechatterbox,4
chajax,4
charlesv,4
chelferty319,4
ChelseaGirl212,4
ChrisGoosby,4
christiannseka,4
christiecalahan,4
christiegill,4
cindychipz,4
CityFlyer502,4
ckanal,4
clairelizabeth,4
claytonpyne,4
clydebarretto,4
CMarietta91,4
Corellianjedi2,4
CrowleyMonster,4
csanati,4
csolazzo,4
cyantifik,4
czaf,4
d_ban,4
DaChUcKsTeR,4
DanaAMathews,4
danceremember,4
DanielBenaim_,4
DanielR11220,4
DaRealOMalley,4
daveknapik,4
davesurber,4
davidhoang,4
defendyours,4
deinonino,4
DesignLightning,4
Dizzyprincess06,4
djfulltimefun,4
DoubleB_NYC,4
drmirror,4
E_M0N3Y,4
ehershey,4
eddiegeenyc,4
elliott,4
emmahenson,4
EstateJewelsGR,4
EstherLevy1,4
EthanFixell,4
everythingsaok,4
fablivingnyc,4
fdelacruz,4
Flips4evr,4
frynnmatthews,4
alxandriaaaa_,4
galmayer,4
gantig,4
gbrooks13,4
gecko39,4
geniabeme,4
gepers,4
getraddielater,4
GinaMarie_x0,4
gingersnapzzzz,4
good_vicky,4
gryffindor_Kate,4
haileygilesacts,4
HALogen10,4
hashtagdanielle,4
heartfishpress,4
helenkaaaaa,4
helijah97,4
hyevinkim,4
iamSanJaR,4
iamwizzles,4
Ian_Glazer,4
IcicleSleeve,4
ihsantarore,4
iliv4gd,4
JahmezzDaGawd,4
JamesKiernan,4
Jamiejhagen,4
jansichermann,4
jantenen,4
jasong920,4
jay_jaybird,4
jbromwell,4
jeanellemak,4
jeannafaye,4
jenastelli,4
jennanash,4
jenndontstop,4
JeremyLucido,4
Jessicaandreaxo,4
jessieluv2laugh,4
jgor2000,4
jgv,4
jlajoie1,4
jmaxgosman,4
Joechahwan,4
JoeLallouz,4
JohnAFerrara,4
johnlancia,4
johnlhornbuckle,4
JoNnYz36,4
JReneeOK,4
Jstemps8,4
Juanpabst,4
justindurazzo,4
Jwiddit,4
kambui,4
karelj,4
kate_hammond,4
kate_lord,4
KevyKevsaunders,4
KHarveynyc,4
KIFN,4
KillingItBK,4
kim2geer,4
KirbySaysHi,4
KMD624,4
KristaDeGeorge,4
KristinHarris,4
krysXtyna,4
ktfeathers,4
lafirestone,4
LalaLopez,4
LaModernaNYC,4
Lann730,4
lianawrightmark,4
lilorphanammo,4
lindsaykos,4
Lindseyhankes,4
lmoskus,4
lola_GZ,4
LorsFowles,4
lucylaucht,4
luis_quevedo,4
LutherRiggs_DJ,4
lvalenciarivera,4
Lynnbrooklyn,4
maebergan,4
Maisiegirl,4
Malice77,4
mannyhoward,4
maperencap,4
marcosblopez,4
marianne237,4
mariolinton,4
Marisa_Fuller,4
marthacisneros,4
masmith2010,4
matt_bahr,4
MattEatsNYC,4
MattKoziol,4
MattyH720,4
maxapo,4
mayberry_RFD,4
mediadarwin,4
mediaservertech,4
Medienheld,4
MidtownCoffee,4
MixMasterZev,4
mobay808,4
moes_swgrill_SI,4
MollyWyand,4
morcheg,4
MorenoM,4
MorganKincaid,4
morgansteve,4
MrGersch,4
mslogophiliac,4
mstarabea,4
mtthg,4
munkiilove25,4
MVZolotova_RT,4
MzMimi_82,4
naominaomi,4
nic_avallone,4
nidaahmed,4
NoeLLeYMari3,4
norman_oro,4
nycmarcopolo,4
NYLoves_1D,4
OGYAYAA,4
orlando2525,4
ouraugust,4
PandaSquiggles,4
PatricksBeer,4
PCTech13,4
PDiMeZzZz,4
pepegomez2011,4
perla016,4
peter_hurley,4
PeterTMaxwellJr,4
phenomenalrica,4
plastic_bear,4
pradeepgiri,4
prplst,4
pseshan,4
psneighbors,4
rachelbrill,4
raynashine,4
raywert,4
realjustinkim,4
realkathattack,4
rebEzra,4
redfabbri,4
Richard_Scholl,4
richardbesa,4
richeze,4
RilyaIreine,4
RO1112,4
robotbigfoot,4
Robrogan,4
runningwoman,4
RyanRazornail,4
ryanTgarner,4
saberikhan,4
sabinaaa__,4
samhorine,4
SamIAre,4
SandyMohonathan,4
sarabesque3,4
sarahhilston,4
SashaSavoulidis,4
scanlon54,4
scottbyoung,4
ScottRoche,4
SeanSable,4
seb66,4
senorlelo,4
SgtFelicity,4
shakatron,4
shefindsjulie,4
ShelbyWelinder,4
ShinAkumA21,4
simplysonaly,4
simscc,4
skeappock,4
SkeeStylus,4
slutherhandbags,4
squish108,4
stefanpenner,4
stellar_jl319,4
StephanieBorak,4
SteveLevinePR,4
wjshin_photo,4
susietech,4
SwiftNiv,4
TaaySabs,4
tacosurf10,4
tangphillip,4
taramichele33,4
tdipps,4
tessamarieog,4
tgeisenheimer,4
thatNYUkid,4
TheGoldnJew,4
thejackamo,4
TheMissTarah,4
theSerenaGoh,4
Thomas_Wendt,4
TiliLorre,4
Timaka50,4
Timothy_S,4
TimVickiBrewer,4
tjvertigo,4
Tneebre,4
toninaay,4
tvartboy,4
Ultrafonk,4
Usha_Joy,4
VaniSwtz,4
VeraBNYC,4
vikot,4
Waffle_Friess,4
waynegblum,4
willakammerer,4
willrotolo11,4
wrmayo,4
yangbin88olp,4
yawetse,4
yokevin,4
Young_Maxx_89,4
younglucas,4
zarzecks,4
ZxaviersHair,4
_alicaliskan,3
_BrianAdrian,3
_SteelersGirl_,3
a2,3
aaghbal,3
aanniemal,3
absolutnonsense,3
adamjscher,3
adrianasdiaz,3
af,3
afreshtakenyc,3
Agate86,3
agsny,3
aislingmcdnyc,3
AkAjulez,3
aleczopf,3
AleWifey,3
alexwn,3
alezante,3
Ali_Jane322,3
alinasolomka,3
alisoneroman,3
alisonrmunn,3
alliealways,3
AlliSagiv,3
alloverthistown,3
Amanda_B_Miller,3
AmandaMessina92,3
amirsukalic,3
AmySoldier,3
anarchivist,3
andreibart,3
andrewmgalvan,3
Antgetsbitches,3
arimwhite,3
Arnaldojc90,3
arodriguez1215,3
arrrzzz,3
ashkalb,3
AshleyMKearns,3
AstrOdub,3
astronautsons,3
ayesuppose,3
B_broad,3
babymatty515,3
bacchanal268,3
balin,3
barrypwp,3
Basso_Chiara,3
baxtronlife,3
BennyBangBang,3
berni_p,3
BernmeisterRL,3
bielparklee,3
BIGGZ3579,3
Billie_Jeanne,3
billyboulia,3
BLACKRUSHN,3
BlackStephan,3
BlackTaxiMusic,3
Blondetidbits,3
bonniebethburke,3
bonnieharriman,3
BookOfLazy,3
bornreddy,3
bowrll,3
boydbaptist,3
bpacris,3
bpdonn,3
BradParksCNN,3
BRFitz22,3
BriannaOhara,3
brightfactor,3
BrittanBright,3
brizzling,3
BrooklynBrewery,3
BrooklyniteLtd,3
BrooklynPatrick,3
bryanfuhr,3
bttyanne,3
buddha_is_love,3
Caitlyn_Hill,3
calebaalexander,3
CandyCabNYC,3
capanovayork,3
carlipereyra,3
Carom93,3
cass4504,3
ccostan,3
celinejade_,3
ch3m1st,3
ChANtiWaa,3
ChefKelvin,3
chinogriff,3
chissyn,3
Chrisginga,3
chrissymeacham,3
christinaray,3
CHULYAKOVDESIGN,3
cinecycle,3
CintraMcGauley,3
CKramer85,3
cli6cli6,3
Cliff_C,3
clpreg,3
ClydeEastman,3
cmckendry,3
cnegs28,3
continuumcycles,3
corey_wall,3
Countertenor77,3
CourtRache,3
CrabappleNYC,3
croccoted,3
DailyLuca,3
damageathletics,3
daniellehndrcks,3
DanielUrBrother,3
Danielwwt,3
danni_fahrion,3
danwashburn,3
DavidTFerree,3
dboardman,3
ddunlop,3
deesix,3
dimamix,3
DiorVargas,3
dirkspijkers,3
PrestonJOlson,3
dizberiq,3
DjCrysis_,3
djgerm,3
dN0t,3
Dougrand,3
Dwall562,3
e1weiss,3
E_Vincent_B,3
EddieGarou,3
eddiesancho,3
ehirsch26,3
eiffeltyler,3
Elizaleary,3
EllieInTheStars,3
Emmaday15,3
EricGoeres,3
erikakaz,3
ErinTE15,3
EspanaCaro415,3
ezyjules,3
fashionwhirled,3
FDNYBagpiper,3
FeliciaCarr,3
film_girl,3
filtime245,3
fizzy73,3
flyteclubprince,3
fozzielogic,3
fsukatie,3
FURI4PREZ,3
GabbAntunes,3
gallegom,3
GeorgeNettle,3
georgeweld,3
Gerald_Walker,3
GetPhotograJobs,3
ghostny,3
gidplot,3
giomorales76,3
ChazPringle,3
GonzalezAngelaE,3
goVince,3
GregBrownstein,3
GregChanMANAGER,3
Grombolita,3
grubin_by,3
gsrey12,3
gudphoto,3
h0h0h0,3
hallenbiii,3
hamjacs,3
handy_man,3
hannah_m_parker,3
hannahbeths,3
hansgal,3
Hardrocker721,3
HarlanLev,3
harrosankyu,3
harryhassell,3
hayk47,3
hdupont1,3
heath_excessdb,3
HeWentToJarrett,3
hilwil51,3
hollisterhovey,3
hspenceryoung,3
htomborr,3
iainonline,3
iamyuttie,3
ipkrl,3
irishchook,3
isalihinabrahim,3
iustinianus,3
jadafrombrklyn,3
jaimedavalos,3
jamesfacts,3
JasmineRazz,3
jasonschwarz,3
JBuzzRE,3
jcinbk,3
jdawgnyc,3
jeffsoto,3
JeffStevens199,3
jenball,3
jennaylean,3
jenslerno,3
jerehunt,3
jeremyscong,3
JessCostabile,3
jessdwang,3
JessicaSara,3
jfowler3,3
jgh6f,3
JJ_Schreffler,3
jjperri,3
JoelMYA,3
johnnycakes79,3
Johnwatermanlaw,3
JonathanHoo,3
JonBruner,3
jonclarkjr,3
jonfriedman,3
jordanorelli,3
Josue_Sway,3
JPZero,3
Jsalvo21,3
jTuxman,3
juliacorrea24,3
junglerock,3
justinbreton,3
KadenceRose,3
karalearota,3
katecanary,3
katethepirate,3
KatieeeO,3
katywalk,3
KeenanKid1,3
kellywild9,3
Kev_Sprague,3
kevinDCLXVI,3
KevinNeafsey,3
Kfaeldonia,3
KierstenNYC,3
kim97xoxo,3
kirilnyc,3
kjsteag,3
klaaspieter,3
kmc1213,3
kmuks126,3
Koalemos,3
korianndyer,3
kristyisaloser,3
kwokytalky,3
kyledreinford,3
kyleschaffler,3
latsyrclau,3
LaurenAshleys,3
laurenfrancesca,3
lightitupbrad,3
lilirusing,3
LindsayKordik,3
Lionheart_08,3
lisabobd,3
littleone85,3
lizzwinstead,3
Lone_as_Style,3
LoveAlwaysN,3
LoveSukie,3
LP226NY,3
luisnj78,3
Luvume1,3
m0eDizZy,3
M3s0,3
Malbonnington,3
manna,3
manshreck,3
marcammann,3
marco_ovando,3
Margie_Medley,3
mariannakalabin,3
markquimark,3
marquitush_,3
martharpierce,3
MartinaColomboK,3
mathewsanders,3
mattgalek,3
matthewtarr,3
mattkrna,3
MattRob1,3
Mcarrvocals,3
meganogle,3
meggiei,3
MeggieWallz,3
MegMontgoris,3
melaniekann,3
melaniesrour,3
melbin007,3
Meows_THA_Wurd,3
merrittkevink,3
Michaelaguzy,3
MichaelFarone,3
michaelmar17,3
midwaygray,3
mikedizon,3
mikerentas,3
MikeViktorenko,3
MILF_Medic82,3
Miller_Brian,3
mingmedia,3
mirgoes2eleven,3
mirryan,3
misscouturable,3
Mista_Anderson,3
mistergoodlife,3
MisterLaMasa,3
MIVenuto,3
Mj_Effects,3
MKirk99,3
mmmdailicious,3
moishgeorge86,3
MonetToday,3
MooshNYC,3
motech,3
moustafa_ibr90,3
Mpkann,3
Mr_Apathetic,3
mrCnobi,3
MrGarrettJones,3
MrsGingerRivera,3
mtg543,3
muchotoomucho,3
mugsy718,3
Nagler,3
nahtzen,3
nastyern,3
NCrist,3
nealrs,3
NellieAbigail,3
Nextc_Taylor,3
NgawangChoney,3
nickvargas6,3
nicolecottle,3
nicolelynneyoga,3
nikkiblazex3,3
nishaburleigh,3
NoOneStopsGato,3
NYCRELOPRO,3
NYTRClothing,3
ObviouslyLeex3,3
oldmoney333,3
omarabreu92,3
omargotkicks,3
onicadiana,3
Pacliboi04,3
patrickpiteo,3
paulbz,3
PaulinaLamb,3
PaulRehrig,3
PaulSeyffart,3
pedroultreras,3
PeterBCunha,3
pfrank1,3
philliphess,3
Phob0s89,3
photosbydjr,3
pierrepont,3
PlanetMidori,3
pmok,3
POLO_LUCIANO,3
porter44,3
powerHouseArena,3
preciouslatiina,3
Princessarcelay,3
PSlyman8,3
puzzlekeeper,3
PWRmoves,3
rachelannstuart,3
rachelenorris,3
radvinsky,3
RAjah1,3
RayontheCrayon,3
REDyREDbxCRu,3
ReporterKHTV,3
RexRegum7,3
richardgin,3
richcaplan,3
richietymee,3
Rizwanalvi_1974,3
rlizares,3
RockSteadyUSMC,3
rogerwu99,3
RonnyBaroody,3
Rosemaryrr,3
rossvedder,3
RussellBlaymore,3
SaintLoren,3
samantha_moray,3
samdolnick,3
SamGM21Moore,3
samkulok,3
SAMMAYE,3
saphireness,3
Sarahleecious,3
sashanyc,3
sashas777,3
schavira,3
ScottHeidler,3
seanr1978,3
SenorCigar,3
SFC_CoachD,3
sfoley,3
ShannOConnor,3
Shaybod,3
sigalit31,3
SillyRobin,3
SimplyMeChelsea,3
Sindhya,3
SivPrince,3
Skeith27,3
sm_caruso,3
sndargo,3
soleilprincesse,3
Sonny_Side,3
Southinthecityy,3
Sp3cial_Ed,3
spiczillaaa,3
Steph_Klem,3
StephanieLee13,3
Stephen_deJesus,3
stillhip,3
Stina_Remo,3
Stine_NY,3
sugarspade,3
sugasspot,3
sungsdynasty,3
superacidjax,3
SutahOnTheBeach,3
suzanneboyle,3
suzymaenyc,3
suzzie615,3
swaglipple,3
sweetsp,3
SWIZZBADASS,3
Ta2Ati2d,3
tabla1982,3
taratotara,3
tashwong,3
tattooerman,3
tcene,3
tdolan6278,3
TeddyToye,3
tequila425,3
TheBigYek,3
TheBrianOConnor,3
TheHomieFas,3
themattmager,3
thenewdumb,3
thenotoriousmeg,3
TheOneTruePax,3
TheRealDJ688,3
theREALjeffeis,3
TheTinyTieRant,3
THISiSMARKC,3
tiegz,3
tiffanykapri,3
tiffym,3
tj_horton,3
tolar,3
tomharrison,3
torrduer,3
TravelingSteph1,3
TristanWilley,3
tuckerbaileyco,3
twoheadedbah,3
u2baybay,3
ultraclay,3
UNIVER_SOUL,3
uthmanbaksh,3
vdonikian,3
VeeTC,3
vennifer,3
vflolovesyou,3
VonSauce,3
vssecrets,3
weiwei9,3
westvillage83,3
white_lightning,3
whitneyEBryan,3
Whyvoni,3
WillCorker,3
willenjs,3
womanyoustole,3
Yael_NYC,3
Yolofahad,3
youngrq,3
your_daily_pill,3
ys_huamani,3
yuichy,3
zultanextreme,3
1117KaKe,2
11Zette17,2
417cy,2
6degreesofgrace,2
831tobias,2
_C_E_,2
_clem,2
_dbourret,2
_ephemerality,2
_itsCASTRO,2
_natma,2
_nygren,2
aaron_glazer,2
ABenzion,2
abresler,2
lucy__harris,2
ad454,2
adanzis,2
adrianf,2
adrianveracom,2
adventuresofjon,2
aelanacurran,2
ajshoemake,2
aka_MaryTaylor,2
akADAM47,2
akmuszik,2
AlaaBalkhy,2
aladesnr,2
alanarkin,2
alantanz,2
ALConsultingSvc,2
aleph78,2
AlexandraOstrow,2
AlexandraStein3,2
AlexJamesFitz,2
Alfredo11Macias,2
AliMoss,2
allihamlin,2
AllisonBurke321,2
allisoneulrich,2
allyn65,2
alpfefs,2
AlxParra,2
ALYSOTO,2
AlyssaGinsberg,2
amacapugay,2
Amba2,2
ambermyself,2
amusedmario,2
amymlitt,2
andelucu,2
andinieffendi,2
andresflava,2
AndrewAndrew,2
Andy42k,2
anidiotsjourney,2
AnnaHabrat,2
AnnaKatrina_,2
annaworrall,2
Annelise007,2
annienyhc,2
anniexdarling,2
annycrane,2
annyRR_,2
anoopr,2
AnthonyMichaeI,2
apatriq,2
aprilsomboun,2
ARaeAshcraft,2
archaiosgirl,2
ArckiiART,2
ArielleRJones,2
aripap,2
ArkhangeL,2
arojass,2
aroyalcrime,2
ArtemDilanyan,2
Ashley_R_Earick,2
asianthunder930,2
atociwladimir,2
Atomic_J,2
austindill,2
AustinHorse,2
Autness,2
aviva4ever,2
Awe3,2
awesomedwassum,2
B_Psyde,2
babysusaxox,2
BaddKidd88,2
barbarapescobar,2
Bayoya,2
BEATZZZZ,2
beaulebens,2
Beer4Molly,2
BeliebInfinate,2
bencashfarouq,2
bencikanek,2
bengcap,2
benhuss813,2
benjamincurtis,2
bevinstella,2
bfoxnsox,2
bho811,2
bianquita9,2
bigplanbigcrash,2
BKHomesteader,2
BklynEl,2
BklynsFinest5,2
bl4kdev1l,2
blaineoneill,2
BLDavid7,2
blondtoucan,2
blueaegis42,2
BobbyIrven,2
BodyaNYC,2
BosterValerie,2
BrandonJosephBK,2
brandonttmcneil,2
breakbeach,2
BreezeThroughIt,2
brianjtemporosa,2
BriannaDix,2
bridget_widget,2
bridgetekelly,2
brightbrowns,2
BriteScrnMedia,2
britghouse,2
BrittanLeFils,2
brittanygervase,2
Brodowski,2
brooke,2
brookebuzzerd,2
brooklynbebeink,2
brooklynwino,2
BRUSHBEAUTY,2
btb_eleven,2
btumpak,2
buckley_megan,2
BullGatorMikeA,2
byronbrewer,2
C76_Weezy,2
c_s_tattoo,2
CABergendahl,2
camnyc,2
CAREYSCHOICES,2
CaridadSola,2
carlosmelia,2
CarlosRibas,2
CarlySegal,2
carmen_si,2
carriecourogen,2
caseymegan,2
Casssiee3,2
Cat_Marnell,2
Caxiee,2
cbaluzy,2
celnovenario,2
CentralFiling,2
Cesaramirezkiko,2
Cfinchy,2
CGlush,2
ChachouNYC,2
chantaladair,2
charLOLtte,2
Chef_James_Kent,2
ChefMikeNYC,2
Chefsamirtruck,2
chelsa,2
ching_e,2
CHINKEYEYEZ3,2
chizog,2
Chris__Boyette,2
Chris_Stavrou,2
chrislocc1,2
pbradley26,2
ChrisRodemeyer,2
ChrissayKim,2
christinacaci,2
CJDubbzz,2
ckurdziel,2
clairegraves,2
claraleopard,2
ClausRodgaard,2
Clayburn,2
cmenchaca,2
cmure93,2
CocteauBoy,2
conniefal,2
corerecipe,2
CourtneyChenard,2
crystalruthbell,2
cstoller,2
CTJDorsey,2
D_Apats,2
daejafallas,2
DaFrEsHoNeX,2
dale_ryan,2
daltondeschain,2
damianmonzillo,2
danaAcasey,2
dancodesigns,2
danidflo,2
danieldelaney,2
Danielita_C,2
daniellagrace_,2
Danielle1717,2
danieloakley,2
danyloria,2
DarrellAlonzi,2
darrenbd58,2
darwinism,2
DarwinWMedia,2
DarylRay,2
davicho,2
DavidCorpuz1,2
davidhorvitz,2
davidsibley,2
davisanderson3,2
day_zee25,2
DCamz5,2
DChen13,2
DDSethi,2
DeaDiaJewelry,2
DearFajer,2
DebbieCalise1,2
DeevaGrl,2
Deiwise,2
DenolaNova,2
denso732,2
derekbezama,2
derekmorley,2
TheDesignerGeek,2
DimiJimmy,2
Dirtymartininyc,2
divamukti,2
divanegra,2
DJ_CHUB5,2
DJ_KING_UMG,2
DJALEXKASANOVA,2
djmagickenny,2
DjP3tieSmallzz,2
DJSoleHeaven,2
DJSpynfo,2
DKoster622,2
dmbastow34,2
donnaeri,2
dopeisreem,2
dossierjournal,2
DoubleTimeTwins,2
douchebag314,2
douginbrooklyn,2
dougwolflefrak,2
dovharrington,2
DowntownMag,2
dr_benway,2
drewG_,2
DrewRyan1,2
dsfxmn1,2
DuBBCiTY01,2
dubfoster,2
dustintodd,2
e_covintree,2
eastofnyc,2
EddieBagadonuts,2
EdelSingh,2
edithzimmerman,2
EdvinPaul,2
EdwinCadizJr,2
eghall,2
El_Adan,2
elaineck,2
elDJ,2
elfjcgc,2
ELFLACO_ENT,2
ElGarbanzoLoco,2
elianacorreaa,2
elif_ada_ny,2
ElijahRTaylor,2
ElisaSilva,2
ELMccord,2
elsbgirroo,2
ElyKnuta,2
Emdoggle,2
emilydemer,2
emilygetman,2
enriqueskincare,2
eoghandillon,2
eric_d_hancock,2
EricEdgington,2
erRoseG,2
ESchultz_21,2
EtailJobs,2
EugeSong,2
everyplace,2
Fabi_Noronha,2
facesmashrr,2
FadingAd,2
Fahad017,2
faithinpictures,2
fashionflamingo,2
felio77,2
FelixGuzmanJr,2
fernanjos,2
FiDiwine,2
FinnerTweeter,2
FireTheCanon,2
flippnyc,2
FlorentinaBL,2
FollowMDM,2
FoodandWineSnob,2
FrankTheTank91,2
Freakstyle1,2
fredgatesdesign,2
FredRdgz,2
freshgravel,2
GabeRock,2
GabrielAwan,2
gallantpresent,2
Gashapon,2
gatotriste,2
GBIMC,2
GChase,2
GeekSputnikTV,2
gemmathompson,2
georgebeato,2
GerardCaffrey,2
GildaOliveira82,2
GiovannaSun,2
GizZimo,2
gkerr821,2
gleuch,2
glitterisfun,2
GolfChick18,2
GothamVeg,2
Gottdenger,2
gourmandnyc,2
Gqbreed,2
Grady_IV,2
GrantvanH,2
greatdaykittyk,2
greg_r_johnson,2
GregMason82,2
gregsings,2
gsbeauchamp,2
gunghoguerilla,2
Guy173,2
gwb,2
H__Ahmed,2
hamsandwich,2
hankandjojo,2
HannahKuo,2
HarryKEffron,2
healthyhappier,2
hershberg,2
heyneff,2
hillypill,2
hiren1012,2
hmorhon,2
hodgkinsonpi,2
holaphil,2
HOMAGEBROOKLYN,2
homochic,2
hooliaclaire,2
HopAllusions,2
horsefacedjack,2
hothansel,2
htmiguel,2
HutchingsThomas,2
Hyru_Millz,2
HyunINC,2
I_Am_NyQ,2
IanRios,2
ICNyOpi,2
idmbassoon,2
IDRichards,2
igstorres,2
IlanaRanToe,2
ilovesheeple,2
imakeufit,2
Imtim2,2
inafried,2
IrishRedHead82,2
isaiahandrew,2
isiselin,2
ITAstallion11,2
ajavier15,2
itshummm,2
jabber1119,2
Jackie4402,2
Jackie_DiBella,2
jaclynemerick,2
JadoreJasmin,2
JanaeR64,2
janicemomoko,2
japan2021,2
jaredoco,2
JasonBacke,2
JaxSeabrooke,2
JAYCSTYLES,2
jaylee66,2
jbeitler,2
jceballos89,2
jdegroot,2
jeannepmeyer,2
JeffDM,2
jeffkirsch,2
JeffreyHerrero,2
jehanilahi,2
AndyRockhampton,2
Jen_ny83,2
jenniferdopazo,2
JennJ_vega,2
jeremylechtzin,2
jeremypharo,2
JeremyPlease,2
JerichoRazon,2
Jerry_Sandoval,2
Jessica_Shearer,2
jessicahalem,2
JessieZapo,2
jessmarymar,2
JeunesseYvonne,2
jhelmus,2
jhnshft,2
JildoFaggins,2
jillielew,2
JillyCMcG,2
Jimmy5wagga,2
jlsykes,2
jmascio,2
joanncraig,2
jocLuiz12,2
joelstigliano,2
JoeMcKinzie,2
Johannabotta,2
johngramaglia,2
johnnnie44,2
JohnPeters0909,2
jojohankey,2
Jon_Morris,2
Jonathanchad,2
jonathangass,2
jonathanpberger,2
JonChanYS,2
jonesby,2
jorgeecardonab,2
Jose_Frias1,2
joshchua,2
joshisagoodman,2
JoshRachlin,2
joshuastern,2
joshuetree,2
JovelRoystan,2
jpasiakos,2
JPerelman,2
jrallison,2
JRavJr,2
jstanny1,2
JSuk,2
juanfrans,2
juicepirate,2
Julianandsara,2
jumpshoes,2
justhate,2
JustinHartough,2
justinklemm,2
JustinSchuck,2
JustInTimeNY,2
kaightshop,2
kaliswa,2
karenleemurphy,2
Karismatik1,2
KariStuart,2
KaSoul,2
KatChing,2
katenauta,2
kathleenfarah,2
kathrynlurie,2
katiekansas,2
kimberlyselway,2
kbobsss,2
kbookatz,2
kbrinker,2
kcimc,2
_keisharose_,2
kellyambereng,2
kellyforeilly,2
KennyKnight,2
KenzoMinami,2
KeoniHudoba,2
kevsall,2
KhaotokN,2
khenks17,2
KikkaG89,2
Killer62,2
killerfemme,2
king_rill,2
kit_thompson,2
klg19,2
kmarsh25,2
kmaverick,2
KOsgoodPhoto,2
kriskoeller,2
krismkelly,2
kristrange,2
kthai6,2
kuo,2
kybernhardt,2
LadyFriday,2
ladyofpurpose23,2
lambertjosh,2
latefhamdan,2
latinacouture,2
lauraaimeblabla,2
lauragarza,2
laureltouby,2
Lauren_Morra,2
laurenliscio,2
ldersh,2
learmonth,2
LesHorn,2
LevysUniqueNY,2
lfresh,2
LibbyEAndrews,2
lilGronberg,2
lillylilit,2
lilmissjen,2
LiLTORiAAA,2
lindsaymusic,2
lisajamhoury,2
livelaughingman,2
LizzieBartelt,2
lizzyeeb,2
Lobofaith,2
Lock,2
LorenzoDSantos,2
Lovely_0ne,2
LovesVanita,2
Lsimeon,2
Luhhrees,2
Lundchrist,2
LushCoils,2
lydialauer,2
M2theZBombSquad,2
M_McGarry,2
macklin3008,2
MaddManEd,2
MADNICE84,2
maggietomlinsin,2
magronin,2
majoracarter,2
MaLe_AuLC,2
MalloryMcMorrow,2
MandieErickson,2
MannyMaximus00,2
mannyriosphoto,2
mapletits,2
marcoitalynyc,2
marcopifferi,2
Margit,2
markaddison,2
markmesh88,2
markmoravits,2
marleyasinbob,2
marloneruiz,2
marshaksaul,2
marvo49,2
marylizcasey,2
mashikMe,2
mastachand,2
MasterJao,2
MatthewAquilone,2
mattperez83,2
mattr_murray,2
matty990,2
mattyho,2
MaureenShea,2
maxsklar,2
mayaagee,2
MayaNach,2
mazdackrassi,2
mbiteng,2
MCaruso_Cabrera,2
mcgiggles114,2
mch710,2
mckersive,2
MEANCHAT,2
mediachick11,2
mediajorge,2
mediatrustpete,2
meeeshe,2
Meerkah,2
MeganClasen,2
MeganZilis,2
MeghannBWright,2
meghanwicks,2
MeiMei_E,2
merrmaidMEL,2
MerdeChaud,2
metalchopstick,2
methodhorse,2
MexMex_88,2
mfinnegan33,2
MichaelBerner,2
michaelkriak,2
michaelpiliero,2
MichaelPKerr12,2
michaelraysolis,2
michellehisae,2
MicSimeon,2
midwood97,2
miissnessax3,2
mikelyden,2
MikeOllerer,2
MilanoJosh,2
milkshakecoma,2
MindeeAviva,2
misak,2
mishagray,2
miss_paola86,2
MissBrooke326,2
MissCatOlivia,2
MiZzMyRa,2
MJam76,2
MJFlicker,2
mkennedy1030,2
mkrupnic,2
ml4,2
mmmaryk,2
mokindo,2
Mollie_Show,2
MollyMuldoonNYC,2
monalissa_13,2
monicajuniel,2
monika_is_me,2
morenito1324,2
morrongiello,2
mrbaileynyc,2
mrturber,2
MryoungAmbition,2
mujalifah,2
MyBestBKRealtor,2
Myleee_,2
MyraFlynn,2
naomi_heijink,2
nataliemercaldo,2
natefrench18,2
natkathleen,2
ncbii,2
nchirls,2
nealtucker,2
nehachheda,2
nellolikejello,2
nettdrone,2
newrobertcu,2
nick_jordan,2
nickonken,2
nietodickens,2
nilesite,2
NinaLoSchiavo,2
ninammfoto,2
nixta,2
NKArch,2
nnebeluk,2
nonlinear,2
notforyou13pj,2
NRMstyles,2
nunyabeeznees,2
nvmuzik,2
nwinstead,2
NYC_Mortgage,2
nyccrowsgirl,2
nycfreeconcerts,2
NycLaur,2
NYCNightlife411,2
nycspicebo,2
NYFashionGirl,2
NYICECREAM,2
nyxrepair,2
octane31,2
Oh_Yeah_ThatGuy,2
oldsweetsong,2
OliElFuerte,2
omgstef,2
OneCrazyCoolie,2
onlyOlney,2
Ooh_SoO_Melvin,2
osmanjen,2
ouilicious,2
Outsydr,2
oxyquan321,2
OzBuzz,2
PaigeDietz,2
pakyouare,2
pamelavenbass,2
panda_manda025,2
partyliz,2
PastriesDefense,2
PatBHenderson,2
PatrickDSweeney,2
patrickjohnmcc,2
Paula_Andrea017,2
Paulie1p,2
payalll,2
peterknox,2
petermacari,2
Pobermeier,2
PPersaud,2
PretoHF,2
PrinW,2
problemwhitegrl,2
proko5,2
pullacky,2
PunkPoney,2
R0b_F0rd,2
RachDeAnne,2
Rachel_Berryman,2
ragnarok2k3,2
Rags_2_Richs,2
RAiNBeBe,2
rakahn,2
Rami_AK,2
randomgotham,2
Ratheblessed1,2
rayk58,2
RayRay989,2
RCNNYC,2
rdbender,2
RealRyanWelch,2
reanna_parisi,2
RedDotSpecial,2
redwingdavid,2
rembert,2
RemingtonGuest,2
Reneeheartsnyc,2
residentartist,2
resistance0101,2
revizion,2
rheacamilla,2
ricagudelo,2
RichardChaiNY,2
RizaHall,2
rjzam,2
RKSINY,2
rmcabana,2
robinschaer,2
robrusso,2
RockaTanaka,2
Rockharpered,2
rodneyray,2
RollingStoned40,2
Ronin_AD,2
ronisebastian,2
ronntaylor,2
roxxan23,2
RRN3,2
rubenaustria,2
RunKino,2
russmarshalek,2
RUZERTHEBRUISER,2
Ryan_Fisk,2
ryanahamilton,2
ryangiglio,2
ryanmat,2
ryeadams,2
SaayaY,2
SamanthaMoray,2
samaquino,2
SamiLiebman,2
samlevysam,2
Samuel_Myles,2
SanPoochi,2
Sarah_Meiches,2
sarahxothegreat,2
sattiso,2
Di_Hornaman,2
schadeyacres,2
scoobycooper,2
ScottyGams,2
sdavar,2
Sead_Get_BizE,2
seanlynam,2
seonbarbera,2
serbMAK,2
sexyqueenleo,2
ShannonMShelly,2
Sharipep,2
Sharkbitenyc,2
shefinds,2
Shelbyhamilton1,2
ShermanSnE,2
shoe_gasms,2
shottaeli718,2
sing_loud,2
SinManFyl,2
sjflorio,2
SJWhipp,2
Skylership,2
slamalott,2
SMaCur,2
smikhaylov1,2
sn0wcap,2
SolKissed,2
solomonliou,2
songadaymann,2
sonnyrd,2
Spamjob,2
spanish_prince9,2
SpanishMeetup,2
spearlg,2
speedymarx,2
speedypoodle,2
speks185,2
squirrel83,2
ssdarius,2
SteezJMP,2
SteffyLaMaccH,2
StellaBella824,2
stevemarchese,2
stevemotts,2
StevenDilla,2
stickycarpets,2
sukhchander,2
sundaysari,2
superdupernyc,2
SwatchUS,2
swersey,2
T_O_M_3,2
taftcard,2
TakeMobGeneral,2
talk2tori,2
Tam_Le,2
tamado,2
TamilaTamilao,2
TaylorRose444,2
TCsayyys,2
tdevlin87,2
teamoney,2
tedsink,2
TenantsUpstairs,2
ThatDude78,2
ThatNickBrady,2
the_c_facini,2
the_pouf,2
the_reigns,2
theAidanSank,2
thebitgoeson,2
thebladecc527,2
theBravista,2
TheClayFox,2
TheFoodSluts,2
cJamesGoff,2
thenycnomad,2
theotherrussell,2
TheQisSilent416,2
ThisGirlCanEat,2
tiduckman,2
tiffanyhouser,2
tigerthedj,2
tiltonfenwick,2
TiporTiff,2
Tocororo1931,2
TomaSaid,2
TONYTOKUYA,2
ToooTallTony,2
toppscards,2
torstenfgross,2
Transit_Manager,2
travisshawnhill,2
triSARAHHtops,2
truthorange,2
TSDock,2
ttennur,2
TyJennings,2
TylerJHelms,2
Tymarcy,2
uncle_catherine,2
unpredictagwapz,2
urbanMalek,2
VIAndujar,2
VictorCarinha,2
VictoriaDeCIcco,2
VINCY_JAMERICAN,2
VivaLaJenna2012,2
VivianHYee,2
VLANY,2
vmedancer,2
vx829,2
WaseemStark,2
WayneWDesigns,2
wdlndcreature22,2
WendyVasQueZz,2
wesleytjohnson,2
wesmartin,2
WhatsAllyDoing,2
whereismarcus,2
Whozthatboy,2
willyhou,2
WizbyF,2
WizCalista,2
ximo555,2
y0ungaquarianx,2
yardmanflex,2
yatcher,2
yenismymom,2
Yerelyn,2
yoisenrosales,2
yourlordjason,2
YuewenJiang0414,2
Zachary_Koval,2
Zacharycohen,2
zantosh,2
Zazzmar,2
zeldman,2
zkubin,2
zoeshankweiler,2
Zolfo112210,2
zonalax,2
zzacharyzzezima,2
